Заказы,Выручка,Цена,Скидка,Рейтинг,Наличие (%),Рейтинг продавца,Отзывы о бренде,Дней в акциях,Средняя видимость,Основной склад,Уровень лояльности,Доставка_ЮФО_(ч),Доставка_ПФО_(ч),Доставка_УФО_(ч),Доставка_ДФО_(ч),Доставка_СФО_(ч),Доставка_СЗФО_(ч),Доставка_ЦФО_(ч),Ср время доставки (ч),Количество показов,Участвует в акциях,Количество отзывов
119,386815,3279.27,64.97,4.4,96.7741935483871,4.497866666666667,3448806,29,2,Коледино,Бронзовый,66,21,38,164,18,36,21,52,2601.0,1,103.0
22,157486,7189.43,49.77,4.5,93.5483870967742,4.57,434490,30,2,Коледино,Начальный,66,21,38,164,18,36,21,52,856.0,1,43.0
2,2912,1522.2,49.77,4.8,96.7741935483871,4.77,11737815,16,1,Котовск,Нет данных,66,21,38,164,18,36,21,52,845.0,1,177.0
455,621484,1381.43,55.2,4.8,96.7741935483871,4.63,7402078,29,2,Белая дача,Бронзовый,66,21,38,164,18,36,21,52,657765.0,1,156.0
58,110442,2056.03,68.4,5.0,96.7741935483871,4.48,844912,25,2,Коледино,Начальный,66,31,55,178,77,36,21,66,127228.0,1,4.0
949,1165590,1266.23,56.8,4.8,96.7741935483871,4.8,114960,29,2,Новосибирск,Бронзовый,65,21,38,164,18,35,20,51,461677.0,1,733.0
856,3120640,3712.37,47.53,4.6,96.7741935483871,4.695,3949662,28,2,Коледино,Серебряный,66,21,38,164,18,36,21,52,280486.0,1,2299.0
245,1036177,4239.77,61.17,4.7,96.7741935483871,4.55,85907,29,2,Подольск,Бронзовый,65,21,38,164,18,35,20,51,257479.0,1,275.0
140,467519,3355.6,59.9,4.9,96.7741935483871,4.308125,6005481,29,2,Коледино,Бронзовый,66,21,38,169,65,36,21,59,32090.0,1,63.0
271,1300373,4952.47,65.83,4.7,96.7741935483871,0.0,0,30,2,Коледино,Бронзовый,66,21,38,164,18,36,21,52,83747.0,1,77.0
339,515629,1527.13,53.57,4.6,96.7741935483871,4.815,560008,29,2,Санкт-Петербург (Уткина Заводь),Бронзовый,66,21,38,169,65,36,21,59,86054.0,1,144.0
737,2106551,3007.73,63.37,4.7,96.7741935483871,4.53,167468,30,2,Коледино,Серебряный,66,21,38,169,65,36,21,59,1746.0,1,76.0
44,278015,6361.7,63.77,4.5,96.7741935483871,4.58,340217,29,2,FBS,Начальный,66,21,38,169,65,36,21,59,14308.0,1,18.0
26,48766,2087.0,72.5,3.7,96.7741935483871,4.48,844912,29,2,Подольск,Нет данных,65,21,38,169,65,35,20,59,52374.0,1,10.0
601,3253312,5573.2,62.77,4.6,96.7741935483871,4.68,41478,28,2,Владимир,Серебряный,66,21,38,164,18,36,21,52,27965.0,1,56.0
64,453605,7114.7,50.8,4.6,96.7741935483871,4.57,434490,30,2,Коледино,Бронзовый,66,21,38,169,65,36,21,59,5707.0,1,161.0
266,669322,2562.03,84.07,4.8,96.7741935483871,4.55,170213,29,2,Владимир,Бронзовый,65,21,38,164,18,35,20,51,102379.0,1,344.0
14,50240,3655.83,69.23,3.9,96.7741935483871,4.81,39095,25,2,Коледино,Начальный,66,21,38,169,65,36,21,59,27045.0,1,18.0
90,236775,2702.74,69.33,5.0,87.09677419354838,4.64,11588,14,2,Коледино,Начальный,66,21,38,169,65,36,21,59,111789.0,1,1.0
52,171077,3281.2,50.27,4.5,96.7741935483871,4.497866666666667,3448806,29,2,Коледино,Начальный,66,21,38,169,65,36,21,59,11314.0,1,46.0
332,1128089,3475.5,54.53,4.6,96.7741935483871,4.539937888198758,201006839,6,2,Коледино,Бронзовый,66,21,38,164,18,36,21,52,128563.0,1,14.0
1212,1578714,1311.9,54.5,4.8,96.7741935483871,4.745,1522012,25,1,Волгоград,Бронзовый,66,21,38,164,18,36,21,52,215914.0,1,1897.0
489,1173701,2412.3,56.07,4.8,96.7741935483871,4.69,379957,29,1,Коледино,Бронзовый,66,21,38,164,18,36,21,52,242807.0,1,339.0
1191,992188,832.9,77.47,4.8,96.7741935483871,4.9,2187185,25,1,Волгоград,Бронзовый,65,21,38,164,18,35,20,51,532746.0,1,761.0
4191,11555075,3122.87,58.23,4.8,96.7741935483871,4.81,7207819,29,1,Чашниково,Золотой,65,21,38,164,18,35,20,51,1121773.0,1,7941.0
3,2790,940.6,24.9,0.0,96.7741935483871,4.443333333333333,345601,25,2,FBS,Нет данных,67,31,55,180,77,40,25,67,18001.0,1,0.0
12,46884,3642.68,50.47,0.0,61.29032258064516,4.695,449706471,11,2,Коледино,Нет данных,66,21,38,169,65,36,21,59,172207.0,1,0.0
2381,4770055,1994.97,63.43,4.8,96.7741935483871,4.7525,7085438,28,2,Электросталь,Серебряный,66,21,38,164,18,36,21,52,299666.0,1,2749.0
91,275767,3142.2,79.37,4.6,96.7741935483871,0.0,0,29,2,Коледино,Начальный,66,21,38,169,65,36,21,59,324855.0,1,13.0
687,2603316,3784.57,31.57,4.8,96.7741935483871,4.81,179658,29,2,Владимир,Серебряный,65,21,38,164,18,35,20,51,55957.0,1,589.0
82,214358,2648.7,59.5,4.7,96.7741935483871,4.745,528542,9,2,Коледино,Начальный,66,31,55,164,18,36,21,55,5559.0,1,24.0
802,2505809,3138.83,70.7,4.3,96.7741935483871,4.539937888198758,201006839,29,1,Электросталь,Серебряный,66,21,38,164,18,36,21,52,1296108.0,1,1468.0
2444,2456945,996.9,54.67,4.8,96.7741935483871,4.385,12373144,28,2,Новосибирск,Серебряный,65,21,38,164,18,35,20,51,2028412.0,1,5948.0
2318,6348824,2758.03,68.9,4.7,96.7741935483871,4.665,402277,29,2,Электросталь,Серебряный,65,21,38,164,18,35,20,51,1377776.0,1,585.0
826,2060595,2832.4,73.93,4.8,96.7741935483871,4.6883333333333335,8979855,29,2,Коледино,Серебряный,66,21,38,164,18,36,21,52,223290.0,1,569.0
215,590259,2733.87,38.1,4.7,96.7741935483871,4.308125,6005481,29,1,Коледино,Бронзовый,66,21,38,164,18,36,21,52,7822.0,1,158.0
47,271359,5792.53,24.83,4.6,96.7741935483871,4.66,1673031,22,2,Коледино,Начальный,66,21,38,169,65,36,21,59,14215.0,1,2372.0
234,263895,1241.9,46.23,4.9,96.7741935483871,4.202857142857143,1731859,28,2,Екатеринбург - Испытателей 14г,Начальный,66,21,38,164,18,36,21,52,5534.0,1,15.0
590,1077364,1829.27,69.57,5.0,96.7741935483871,4.78,108472,28,2,Белая дача,Бронзовый,65,21,38,164,18,35,20,51,289701.0,1,41.0
86,395167,4803.07,61.0,0.0,48.38709677419355,0.0,0,8,1,Коледино,Бронзовый,66,21,38,169,65,36,21,59,66557.0,1,0.0
430,1052734,2522.03,57.67,4.4,96.7741935483871,4.4559649122807015,16510179,30,1,Подольск,Бронзовый,65,21,38,164,18,35,20,51,66962.0,1,278.0
118,323541,2788.7,32.37,4.8,96.7741935483871,4.74,26891897,30,1,Коледино,Начальный,66,21,38,164,18,36,21,52,61143.0,1,180.0
3,5939,2028.57,57.0,0.0,96.7741935483871,5.0,288,20,2,Тула,Нет данных,65,21,38,169,65,35,20,59,10317.0,1,0.0
84,440968,5334.47,25.03,4.6,96.7741935483871,4.6,2667983,22,2,Коледино,Бронзовый,66,21,38,164,18,36,21,52,147.0,1,3525.0
973,1301559,1345.4,30.63,4.5,96.7741935483871,4.49,951087,25,1,Волгоград,Бронзовый,66,21,38,164,18,36,21,52,866474.0,1,434.0
18,43448,2468.27,42.5,4.7,96.7741935483871,4.526666666666666,18147264,29,2,Коледино,Нет данных,66,21,38,169,65,36,21,59,383461.0,1,15.0
55,160482,3029.4,81.37,4.8,96.7741935483871,0.0,0,29,2,Коледино,Начальный,66,21,38,169,65,36,21,59,31893.0,1,13.0
1620,1546702,946.6,57.0,4.8,96.7741935483871,4.385,12373144,25,2,Новосибирск,Бронзовый,66,21,38,164,18,36,21,52,875975.0,1,3958.0
6529,5226325,811.93,33.6,4.8,96.7741935483871,4.53,329717950,29,2,Сарапул,Серебряный,65,21,38,164,18,35,20,51,2178536.0,1,11605.0
112,125391,1112.97,35.93,4.9,96.7741935483871,4.923333333333333,543068,30,2,Невинномысск,Начальный,66,21,38,164,18,36,21,52,79852.0,1,114.0
397,507497,1335.83,58.93,4.7,96.7741935483871,4.5633333333333335,264624,25,2,Невинномысск,Бронзовый,66,21,38,164,18,36,21,52,199784.0,1,238.0
3622,2644587,742.23,53.03,4.8,96.7741935483871,4.77,74286173,30,2,Новосибирск,Серебряный,65,21,38,164,18,35,20,51,79844.0,1,6887.0
182,471466,2805.17,90.07,4.0,96.7741935483871,4.63,4550475,21,1,Котовск,Бронзовый,65,21,38,164,18,35,20,51,26530.0,1,8.0
293,685230,2594.57,76.13,5.0,96.7741935483871,4.5925,31763457,22,2,Котовск,Бронзовый,66,21,38,164,18,36,21,52,1783739.0,1,8.0
186,282154,1525.7,59.4,5.0,64.51612903225806,4.79,745730,14,2,Невинномысск,Начальный,65,21,38,164,18,35,20,51,23481.0,1,11.0
2,8014,4144.37,47.2,5.0,96.7741935483871,4.695,64148,29,2,Коледино,Нет данных,66,31,55,178,77,36,21,66,3269.0,1,3.0
877,3271072,3744.73,32.13,4.8,96.7741935483871,4.81,179658,29,2,Владимир,Серебряный,65,21,38,164,18,35,20,51,141632.0,1,2259.0
1598,4820059,3000.0,51.67,4.7,96.7741935483871,4.705,1253338,29,2,Электросталь,Серебряный,65,21,38,164,18,35,20,51,757181.0,1,3775.0
284,1951067,6839.27,48.33,4.7,96.7741935483871,3.59,2115,21,2,FBS,Серебряный,65,21,38,169,65,35,20,59,1618.0,1,18.0
415,604694,1500.17,58.27,4.5,96.7741935483871,4.74,44416361,29,2,Новосибирск,Бронзовый,66,21,38,164,18,36,21,52,65979.0,1,284.0
100,152018,1635.2,56.9,4.9,96.7741935483871,4.73,496130,17,1,Тула,Начальный,66,21,38,169,65,36,21,59,802411.0,1,13.0
610,2367396,3989.33,68.13,5.0,48.38709677419355,4.81,43689,3,2,Котовск,Серебряный,66,21,38,164,18,36,21,52,226266.0,1,12.0
199,258155,1425.57,71.4,4.6,96.7741935483871,4.79,39831152,28,0,Тула,Начальный,65,21,38,169,65,35,20,59,170040.0,1,32.0
133,243599,1857.0,57.63,4.8,96.7741935483871,4.92,29275097,29,1,Коледино,Начальный,66,21,38,164,18,36,21,52,23186.0,1,367.0
90,227983,2655.9,26.8,0.0,96.7741935483871,4.92,29275097,12,2,Коледино,Начальный,66,21,38,169,65,36,21,59,75976.0,1,0.0
168,259035,1538.1,54.03,4.8,96.7741935483871,4.74,44416361,28,2,Белая дача,Начальный,66,21,38,169,65,36,21,59,57009.0,1,20.0
258,317722,1226.33,47.67,4.9,96.7741935483871,4.786666666666667,46200650,29,1,Невинномысск,Начальный,66,21,38,164,18,36,21,52,42748.0,1,96.0
819,3413272,4240.27,61.2,4.5,96.7741935483871,4.2675,2243859,30,1,Коледино,Серебряный,66,21,38,164,18,36,21,52,4105.0,1,840.0
39,89031,2390.67,40.17,4.9,38.70967741935484,4.7316666666666665,6573350,4,2,Котовск,Начальный,67,31,55,180,77,40,25,67,48038.0,1,8.0
474,613522,1294.47,41.33,5.0,96.7741935483871,4.775,10500534,28,2,Санкт-Петербург (Уткина Заводь),Бронзовый,66,21,38,164,18,36,21,52,368242.0,1,68.0
145,771453,5282.13,26.0,4.6,96.7741935483871,4.6,2667983,22,2,Подольск,Бронзовый,65,21,38,164,18,35,20,51,135.0,1,1051.0
20,40128,2038.07,31.1,5.0,96.7741935483871,4.78,1964310,9,2,Новосемейкино,Нет данных,66,31,55,178,77,36,21,66,1518.0,1,1.0
589,1816369,3245.0,62.77,4.8,96.7741935483871,4.539937888198758,201006839,23,2,Коледино,Бронзовый,66,21,38,169,65,36,21,59,130153.0,1,23.0
7,18306,2664.0,33.47,0.0,48.38709677419355,4.92,29275097,0,2,Электросталь,Нет данных,67,21,38,169,65,40,25,60,2334.0,0,0.0
219,549190,2817.5,90.27,4.5,96.7741935483871,4.63,4550475,21,2,Котовск,Бронзовый,66,21,38,164,18,36,21,52,26185.0,1,2.0
34,64794,1939.07,77.1,4.3,96.7741935483871,0.0,0,29,2,Коледино,Начальный,66,21,38,169,65,36,21,59,2384.0,1,12.0
177,437688,2478.17,19.43,4.9,96.7741935483871,4.92,29275097,29,2,Подольск,Бронзовый,65,21,38,164,18,35,20,51,85803.0,1,1830.0
9356,18238163,1981.67,48.07,4.8,96.7741935483871,4.81,1483472,22,1,Санкт-Петербург (Уткина Заводь),Золотой,65,21,38,164,18,35,20,51,2200392.0,1,17195.0
0,0,5833.9,23.73,0.0,96.7741935483871,0.0,0,30,1,FBS,Нет данных,65,21,38,169,65,35,20,59,169.0,1,0.0
61,69604,1152.33,52.03,4.9,96.7741935483871,4.87,30275953,29,2,Котовск,Начальный,66,21,38,169,65,36,21,59,91605.0,1,833.0
38,81266,2255.33,77.13,4.3,96.7741935483871,0.0,0,29,2,Коледино,Начальный,66,21,38,169,65,36,21,59,8492.0,1,3.0
404,970535,2410.87,55.93,4.8,96.7741935483871,4.69,379957,29,1,Коледино,Бронзовый,66,21,38,164,18,36,21,52,96564.0,1,346.0
2624,7523813,3093.3,71.57,4.7,96.7741935483871,4.5925,31763457,30,1,Владимир,Серебряный,65,21,38,164,18,35,20,51,2913936.0,1,4470.0
2473,3057970,1239.1,43.3,4.8,96.7741935483871,4.775,10500534,29,1,Новосибирск,Серебряный,65,21,38,164,18,35,20,51,1419734.0,1,654.0
586,423484,736.47,74.77,4.8,96.7741935483871,4.642,38368205,30,2,Подольск,Бронзовый,65,21,38,164,18,35,20,51,410774.0,1,571.0
305,1299476,4502.37,58.77,4.4,96.7741935483871,4.695,3949662,29,2,Подольск,Бронзовый,65,21,38,164,18,35,20,51,1332651.0,1,1428.0
142,750857,5300.6,25.77,4.7,96.7741935483871,4.6,2667983,23,2,Коледино,Бронзовый,66,21,38,164,18,36,21,52,153.0,1,2813.0
27498,12961838,470.3,68.37,4.8,96.7741935483871,4.8575,33743831,30,2,Сарапул,Золотой,65,21,38,164,18,35,20,51,406419.0,1,46066.0
349,1109579,3270.57,62.57,4.7,96.7741935483871,4.64,11588,29,1,Коледино,Бронзовый,66,21,38,164,18,36,21,52,19268.0,1,58.0
1343,3673852,2768.97,68.63,4.7,96.7741935483871,0.0,0,29,2,Коледино,Серебряный,66,21,38,164,18,36,21,52,1201309.0,1,682.0
1077,1215992,1148.1,29.57,4.9,96.7741935483871,4.72,3144759,30,1,Невинномысск,Бронзовый,65,21,38,164,18,35,20,51,736421.0,1,141.0
5,8792,1759.47,79.27,5.0,96.7741935483871,0.0,0,29,2,Электросталь,Нет данных,67,21,38,169,65,40,25,60,13835.0,1,2.0
2454,4424847,1797.73,75.17,4.7,96.7741935483871,4.614444444444445,6334072,29,2,Сарапул,Серебряный,65,21,38,164,18,35,20,51,2027985.0,1,5358.0
83,721700,9809.93,43.13,4.8,96.7741935483871,4.7,295546,21,1,FBS,Бронзовый,66,21,38,169,65,36,21,59,25213.0,1,44.0
927,1107667,1241.2,64.87,4.5,96.7741935483871,4.74,44416361,29,2,Новосибирск,Бронзовый,66,21,38,164,18,36,21,52,714543.0,1,271.0
311,715569,2437.53,72.0,4.8,96.7741935483871,4.7775,4746623,29,1,Коледино,Бронзовый,66,21,38,164,18,36,21,52,307446.0,1,70.0
165,534701,3259.03,65.33,4.6,96.7741935483871,4.497866666666667,3448806,29,2,Подольск,Бронзовый,65,21,38,169,65,35,20,59,12062.0,1,243.0
671,1544819,2688.1,76.03,5.0,96.7741935483871,0.0,0,12,2,Коледино,Бронзовый,66,21,38,164,18,36,21,52,480663.0,1,12.0
502,672051,1346.6,54.8,4.8,96.7741935483871,4.745,1522012,29,1,Белая дача,Бронзовый,66,21,38,164,18,36,21,52,271245.0,1,540.0
665,1731817,2638.47,59.93,4.8,96.7741935483871,4.745,528542,29,2,Коледино,Бронзовый,66,21,38,164,18,36,21,52,110647.0,1,388.0
1152,2946789,2654.4,59.83,4.7,96.7741935483871,4.497866666666667,3448806,29,1,Коледино,Серебряный,66,21,38,164,18,36,21,52,216390.0,1,120.0
6,42899,6190.14,43.57,5.0,22.580645161290324,4.679545454545455,1701190,4,1,Электросталь,Нет данных,67,31,55,180,77,40,25,67,987.0,1,1.0
266,877012,3298.63,72.57,4.5,96.7741935483871,0.0,0,29,2,Подольск,Бронзовый,65,21,38,164,18,35,20,51,186295.0,1,414.0
298,323441,1128.07,74.2,4.6,96.7741935483871,0.0,0,30,1,Санкт-Петербург (Уткина Заводь),Начальный,66,21,38,169,65,36,21,59,16479.0,1,176.0
37,151184,4117.97,67.4,4.6,96.7741935483871,4.47,137583,30,1,Подольск,Начальный,65,21,38,169,65,35,20,59,84847.0,1,112.0
368,682257,1843.93,79.23,4.9,96.7741935483871,4.9,2187185,29,2,Санкт-Петербург (Уткина Заводь),Бронзовый,66,21,38,169,65,36,21,59,179124.0,1,267.0
39,29450,831.13,74.43,4.9,96.7741935483871,3.91,55635209,29,2,Санкт-Петербург (Уткина Заводь),Нет данных,66,21,38,169,65,36,21,59,260984.0,1,26.0
11,28822,2665.87,64.9,4.5,96.7741935483871,4.45,230314,30,1,Коледино,Нет данных,66,21,38,164,18,36,21,52,37402.0,1,409.0
116,464222,4092.73,70.93,4.8,96.7741935483871,0.0,0,29,1,Коледино,Бронзовый,66,21,38,164,18,36,21,52,307608.0,1,12.0
414,345709,846.87,53.13,4.9,96.7741935483871,4.76,1380672,29,2,Невинномысск,Начальный,66,21,38,164,18,36,21,52,37882.0,1,738.0
0,0,951.97,71.47,4.9,96.7741935483871,4.74,325107,20,2,Тула,Нет данных,66,21,38,169,65,36,21,59,714.0,1,63.0
167,375645,2271.4,22.6,4.7,96.7741935483871,4.92,29275097,29,2,Коледино,Начальный,66,21,38,164,18,36,21,52,71921.0,1,839.0
766,986050,1294.1,41.13,4.9,96.7741935483871,4.775,10500534,28,1,Невинномысск,Бронзовый,66,21,38,164,18,36,21,52,627990.0,1,113.0
45,129077,3022.67,56.4,4.1,96.7741935483871,4.375,26329,30,2,Коледино,Начальный,66,21,38,169,65,36,21,59,23938.0,1,816.0
116,474568,4179.9,67.8,5.0,96.7741935483871,4.47,525946,28,2,Коледино,Бронзовый,66,21,38,169,65,36,21,59,21656.0,1,6.0
212,220885,1221.73,54.73,4.9,96.7741935483871,4.562,32233490,29,1,Рязань (Тюшевское),Начальный,66,21,38,164,18,36,21,52,495460.0,1,103.0
595,596298,1006.3,71.6,4.7,96.7741935483871,4.36,492607,29,2,Новосибирск,Бронзовый,65,21,38,164,18,35,20,51,24044.0,1,554.0
448,950304,2218.8,57.37,4.5,96.7741935483871,4.49,815261,25,1,Коледино,Бронзовый,66,21,38,164,18,36,21,52,122840.0,1,357.0
89,211850,2615.13,51.77,4.8,96.7741935483871,4.77,73476,28,2,Невинномысск,Начальный,66,21,38,169,65,36,21,59,62483.0,1,329.0
2,1079,1759.06,38.0,0.0,51.61290322580645,4.87,30275953,8,2,Тула,Нет данных,75,21,38,169,65,59,39,66,27462.0,1,0.0
549,942146,1732.17,75.47,5.0,96.7741935483871,4.308125,6005481,29,1,Коледино,Бронзовый,66,21,38,169,65,36,21,59,14126.0,1,40.0
503,1977344,3994.1,43.7,4.6,96.7741935483871,4.695,3949662,28,2,Подольск,Серебряный,65,21,38,164,18,35,20,51,1125374.0,1,2479.0
2489,3119641,1258.27,61.63,4.8,96.7741935483871,4.768,7035998,28,2,Новосибирск,Серебряный,66,21,38,164,18,36,21,52,1623112.0,1,964.0
50,159324,3411.9,37.87,0.0,96.7741935483871,4.595,251462,28,2,Коледино,Начальный,66,21,38,169,65,36,21,59,68083.0,1,0.0
193,539897,2909.03,13.83,5.0,96.7741935483871,4.7,337491,7,2,Коледино,Бронзовый,66,21,38,164,18,36,21,52,39187.0,1,3.0
1345,1838746,1378.47,51.83,4.8,96.7741935483871,4.57,1449092,29,2,Краснодар (Тихорецкая),Бронзовый,66,21,38,164,18,36,21,52,810561.0,1,587.0
10,58538,5904.13,52.67,4.8,96.7741935483871,2.815,3150690,25,2,Котовск,Начальный,66,21,38,164,18,36,21,52,14534.0,1,511.0
41,79764,1954.77,67.63,5.0,96.7741935483871,4.78,108472,28,2,Невинномысск,Начальный,66,21,38,169,65,36,21,59,31010.0,1,6.0
1576,5144029,3278.43,62.83,4.5,96.7741935483871,4.554,1002614,29,1,Коледино,Серебряный,66,21,38,164,18,36,21,52,76207.0,1,1856.0
233,985577,4377.93,58.13,4.4,96.7741935483871,0.0,0,30,2,Подольск,Бронзовый,65,21,38,169,65,35,20,59,139043.0,1,76.0
151,467009,3052.73,63.53,4.9,96.7741935483871,4.308125,6005481,25,2,Подольск,Бронзовый,65,21,38,164,18,35,20,51,9011.0,1,49.0
197,561482,2862.07,74.13,4.7,96.7741935483871,4.795,175525,29,2,Коледино,Бронзовый,66,21,38,169,65,36,21,59,132830.0,1,63.0
1094,1330550,1229.4,44.0,4.9,96.7741935483871,4.775,10500534,30,2,Невинномысск,Бронзовый,66,21,38,164,18,36,21,52,834408.0,1,544.0
67,160103,2456.56,25.44,5.0,80.64516129032258,4.92,29275097,0,2,Коледино,Начальный,66,21,38,169,65,36,21,59,40221.0,0,3.0
128,193678,1534.9,79.7,4.7,96.7741935483871,4.8,1966640,29,2,Санкт-Петербург (Уткина Заводь),Начальный,66,21,38,164,18,36,21,52,276256.0,1,120.0
8,24779,3150.8,76.2,0.0,32.25806451612903,4.84,538450,4,2,Казань,Нет данных,66,21,38,169,65,36,21,59,22208.0,1,0.0
42,106496,2745.27,69.8,4.8,96.7741935483871,4.64,11588,29,1,Коледино,Начальный,66,31,55,178,77,36,21,66,22535.0,1,74.0
5374,5810552,1082.13,56.97,4.8,96.7741935483871,4.79,12435482,29,2,Сарапул,Серебряный,65,21,38,164,18,35,20,51,2305378.0,1,4060.0
195,292032,1617.6,60.93,4.9,96.7741935483871,4.92,29275097,29,1,Подольск,Начальный,65,21,38,169,65,35,20,59,24792.0,1,183.0
1374,4097456,2964.83,55.13,4.6,96.7741935483871,4.655,76309,29,2,Электросталь,Серебряный,65,21,38,164,18,35,20,51,216610.0,1,1892.0
67,113833,1805.23,23.17,4.9,96.7741935483871,4.72,1139204,29,2,Тула,Начальный,66,21,38,169,65,36,21,59,841.0,1,53.0
109,532811,4979.03,44.67,4.9,96.7741935483871,4.83,6876,29,1,Тула,Бронзовый,66,21,38,169,65,36,21,59,409357.0,1,15.0
457,520479,1140.37,52.9,4.8,96.7741935483871,4.88,6940799,29,1,Белая дача,Бронзовый,65,21,38,164,18,35,20,51,302526.0,1,1577.0
300,958003,3264.47,65.13,4.7,96.7741935483871,4.497866666666667,3448806,29,2,Коледино,Бронзовый,66,21,38,169,65,36,21,59,10122.0,1,113.0
22,93543,4318.3,66.57,5.0,96.7741935483871,4.47,525946,29,2,Коледино,Начальный,66,21,38,169,65,36,21,59,20633.0,1,1.0
2,2203,1762.06,38.0,0.0,51.61290322580645,4.87,30275953,8,2,Тула,Нет данных,75,21,38,169,65,59,39,66,27247.0,1,0.0
4089,6520383,1616.07,52.27,4.9,96.7741935483871,4.86,197081,29,2,Сарапул,Серебряный,65,21,38,164,18,35,20,51,2626566.0,1,2046.0
1300,2571238,1951.4,38.03,4.8,96.7741935483871,4.82,5972181,29,1,Екатеринбург - Испытателей 14г,Серебряный,65,21,38,164,18,35,20,51,892271.0,1,616.0
465,448081,957.53,45.5,4.9,96.7741935483871,4.775,10500534,28,1,Санкт-Петербург (Уткина Заводь),Бронзовый,66,21,38,164,18,36,21,52,397913.0,1,182.0
109,352782,3293.2,64.87,4.6,96.7741935483871,4.497866666666667,3448806,29,2,Коледино,Начальный,66,21,38,164,18,36,21,52,2282.0,1,97.0
294,850684,2974.27,63.93,4.6,96.7741935483871,0.0,0,29,2,Коледино,Бронзовый,66,21,38,164,18,36,21,52,86822.0,1,56.0
74,113981,1524.53,54.53,5.0,96.7741935483871,4.74,44416361,28,2,Невинномысск,Начальный,66,21,38,169,65,36,21,59,11233.0,1,12.0
187,796991,4286.23,66.87,4.6,96.7741935483871,4.47,525946,28,2,Коледино,Бронзовый,66,21,38,169,65,36,21,59,73756.0,1,27.0
269,628591,2302.13,32.4,4.8,96.7741935483871,4.845,3773841,28,2,Белая дача,Бронзовый,66,21,38,169,65,36,21,59,167124.0,1,28.0
302,626149,2189.73,57.93,4.5,96.7741935483871,4.49,815261,29,2,Коледино,Бронзовый,66,21,38,164,18,36,21,52,36680.0,1,515.0
1255,4136929,3278.6,62.7,4.4,96.7741935483871,4.47,247145,29,1,Электросталь,Серебряный,65,21,38,164,18,35,20,51,89458.0,1,2101.0
262,603047,2270.4,62.93,4.9,96.7741935483871,4.308125,6005481,29,2,Коледино,Бронзовый,66,21,38,169,65,36,21,59,27581.0,1,70.0
118,506916,4369.77,66.2,4.9,96.7741935483871,4.47,525946,29,2,Коледино,Бронзовый,66,21,38,164,18,36,21,52,10642.0,1,19.0
1404,1824198,1310.2,55.8,4.8,96.7741935483871,4.63,7402078,29,2,Обухово,Бронзовый,66,21,38,164,18,36,21,52,1337845.0,1,373.0
1312,1763556,1351.17,30.73,4.8,96.7741935483871,4.49,951087,29,1,Новосибирск,Бронзовый,66,21,38,164,18,36,21,52,1440774.0,1,374.0
0,0,6000.0,40.0,0.0,3.225806451612903,4.696666666666666,5054365,0,1,Коледино,Нет данных,66,35,58,178,78,36,21,67,22227.0,0,0.0
2356,2935295,1245.2,43.43,4.8,96.7741935483871,4.775,10500534,29,2,Новосибирск,Серебряный,66,21,38,164,18,36,21,52,1048654.0,1,1622.0
761,2073041,2768.7,57.2,4.6,96.7741935483871,4.6825,1057078,29,1,Коледино,Серебряный,66,21,38,164,18,36,21,52,432028.0,1,1062.0
907,4761206,5252.37,69.7,4.6,96.7741935483871,4.539937888198758,201006839,25,1,Коледино,Серебряный,66,21,38,164,18,36,21,52,862605.0,1,163.0
41,104339,2683.11,59.11,5.0,58.064516129032256,0.0,0,9,2,Коледино,Начальный,66,31,55,178,77,36,21,66,164201.0,1,1.0
224,576904,2734.27,69.9,4.5,96.7741935483871,4.64,11588,29,1,Коледино,Бронзовый,66,21,38,164,18,36,21,52,134089.0,1,615.0
3440,3431751,990.53,72.17,4.8,96.7741935483871,4.65,51128371,30,2,Новосибирск,Серебряный,65,21,38,164,18,35,20,51,643564.0,1,24782.0
8,82805,10454.5,14.13,4.9,96.7741935483871,4.5685,4331175,29,2,Коледино,Начальный,66,31,55,178,77,36,21,66,10724.0,1,617.0
412,852314,2200.33,57.57,4.5,96.7741935483871,4.49,815261,29,1,Подольск,Бронзовый,65,21,38,164,18,35,20,51,112460.0,1,256.0
127,478286,4022.37,67.93,4.7,96.7741935483871,4.593809523809524,2360059,29,2,Коледино,Бронзовый,66,21,38,164,18,36,21,52,111881.0,1,64.0
651,2400054,3791.63,73.07,4.6,96.7741935483871,4.539937888198758,201006839,25,2,Коледино,Серебряный,66,21,38,164,18,36,21,52,331639.0,1,100.0
1306,1079507,832.8,78.13,4.8,96.7741935483871,4.745,1522012,29,2,Обухово,Бронзовый,66,21,38,164,18,36,21,52,91894.0,1,438.0
78,185769,2405.67,47.37,4.1,96.7741935483871,4.455555555555556,4860800,29,2,Коледино,Начальный,66,21,38,169,65,36,21,59,10592.0,1,103.0
1318,2069805,1630.23,54.87,4.7,96.7741935483871,4.74,44416361,29,2,Новосибирск,Серебряный,65,21,38,164,18,35,20,51,18325.0,1,741.0
6,38152,7211.83,64.9,4.8,96.7741935483871,4.8,675,25,2,Тула,Нет данных,66,31,55,178,77,36,21,66,4470.0,1,25.0
1315,1243729,951.3,56.7,4.9,96.7741935483871,4.385,12373144,29,1,Новосибирск,Бронзовый,66,21,38,164,18,36,21,52,1030116.0,1,3425.0
168,287125,1685.13,52.83,4.5,96.7741935483871,4.74,44416361,29,2,Белая дача,Начальный,66,21,38,164,18,36,21,52,128069.0,1,58.0
246,1206502,5061.23,63.77,4.7,96.7741935483871,4.593809523809524,2360059,29,1,Коледино,Бронзовый,66,21,38,164,18,36,21,52,22476.0,1,61.0
440,1180933,2763.5,57.67,4.7,96.7741935483871,4.745,528542,29,2,Коледино,Бронзовый,66,21,38,164,18,36,21,52,209650.0,1,361.0
82,130221,1618.1,77.67,4.8,96.7741935483871,4.308125,6005481,29,2,Коледино,Начальный,66,21,38,169,65,36,21,59,5272.0,1,9.0
91,178416,1987.03,76.43,4.6,96.7741935483871,0.0,0,29,2,Коледино,Начальный,66,21,38,164,18,36,21,52,879.0,1,34.0
40,73073,1802.6,78.53,5.0,96.7741935483871,0.0,0,29,2,Коледино,Начальный,66,21,38,169,65,36,21,59,22054.0,1,5.0
348,1082222,3163.23,63.93,4.6,96.7741935483871,4.29,571333,29,1,Коледино,Бронзовый,66,21,38,169,65,36,21,59,15094.0,1,572.0
236,215255,920.7,71.77,4.3,96.7741935483871,4.36,492607,29,2,Невинномысск,Начальный,65,21,38,169,65,35,20,59,143563.0,1,90.0
32,83892,2656.8,33.47,5.0,48.38709677419355,4.92,29275097,0,2,Электросталь,Начальный,67,21,38,169,65,40,25,60,2561.0,0,1.0
0,0,0.0,0.0,0.0,0.0,0.0,0,0,0,Электросталь,Нет данных,65,21,38,164,18,35,20,51,0.0,0,0.0
9,27334,2023.22,66.0,0.0,29.032258064516128,4.8,940,0,2,Котовск,Нет данных,65,21,38,169,65,35,20,59,31469.0,0,0.0
6159,9682232,1612.13,59.1,4.9,96.7741935483871,4.85,2965208,29,1,Чашниково,Золотой,66,21,38,164,18,36,21,52,1637198.0,1,3356.0
922,1848885,1967.37,37.47,4.8,96.7741935483871,4.845,3773841,25,2,Новосибирск,Бронзовый,66,21,38,164,18,36,21,52,442918.0,1,1081.0
39,205273,5305.27,25.77,4.7,96.7741935483871,4.6,2667983,23,2,Коледино,Начальный,66,21,38,164,18,36,21,52,149.0,1,105.0
644,2013524,3170.5,79.37,4.2,96.7741935483871,4.459335260115607,12658989,16,2,Коледино,Серебряный,66,21,38,164,18,36,21,52,251164.0,1,26.0
107,517334,4933.73,39.6,5.0,96.7741935483871,4.76,90637,24,2,Коледино,Бронзовый,66,21,38,169,65,36,21,59,308030.0,1,5.0
68,68111,1023.8,55.5,4.9,96.7741935483871,4.87,30275953,29,2,Котовск,Начальный,66,21,38,164,18,36,21,52,29560.0,1,2868.0
9,9861,1438.67,34.0,0.0,9.67741935483871,4.87,30275953,0,2,Тула,Нет данных,75,21,38,169,65,59,39,66,27249.0,0,0.0
1058,9656558,9109.83,53.87,4.5,96.7741935483871,4.58,74397,29,1,Астана 2,Золотой,66,21,38,164,18,36,21,52,103185.0,1,197.0
1558,3582777,2331.0,47.3,4.6,96.7741935483871,4.66,3113819,29,2,Владимир,Серебряный,65,21,38,164,18,35,20,51,548171.0,1,651.0
6,10446,1819.93,78.43,5.0,96.7741935483871,0.0,0,29,2,Коледино,Нет данных,66,31,55,178,77,36,21,66,11448.0,1,1.0
2103,3157171,1496.07,65.0,4.9,96.7741935483871,4.71,2305538,29,1,Волгоград,Серебряный,65,21,38,164,18,35,20,51,1145047.0,1,3274.0
0,0,0.0,0.0,0.0,0.0,0.0,0,0,1,Коледино,Нет данных,66,21,38,169,65,36,21,59,0.0,0,0.0
73,198726,2801.53,48.83,4.0,96.7741935483871,4.54,292031,30,2,Коледино,Начальный,66,21,38,164,18,36,21,52,166409.0,1,5.0
38,35599,920.67,93.77,4.9,96.7741935483871,4.79,2834806,29,2,FBS,Нет данных,66,31,55,178,77,36,21,66,29460.0,1,59.0
246,815437,3375.87,69.2,4.6,96.7741935483871,4.428767123287671,11573743,29,2,Коледино,Бронзовый,66,21,38,164,18,36,21,52,62572.0,1,34.0
29,53588,2397.4,47.77,4.9,96.7741935483871,5.0,288,18,2,Санкт-Петербург (Уткина Заводь),Начальный,66,31,55,164,18,36,21,55,11175.0,1,9.0
0,0,0.0,0.0,0.0,0.0,0.0,0,0,1,Коледино,Нет данных,66,21,38,164,18,36,21,52,0.0,0,0.0
1416,1332004,943.23,53.17,4.9,96.7741935483871,4.815,19045112,29,2,Обухово,Бронзовый,65,21,38,164,18,35,20,51,246778.0,1,22274.0
670,1775018,2884.03,73.57,4.8,96.7741935483871,4.5925,31763457,28,2,Астана 2,Бронзовый,65,21,38,164,18,35,20,51,370917.0,1,45.0
194,196270,1020.37,55.6,4.9,96.7741935483871,4.87,30275953,25,1,Котовск,Начальный,66,21,38,169,65,36,21,59,89344.0,1,1965.0
